"month_id","country_id","in_africa","country_name","True.pred.1","RF.GED.global","XGB.GED.global","RF.United.global","XGB.United.global","RF.GED.africa","XGB.GED.africa"
490,69,1,"Cameroon",0.43982906231168,"0.51434","0.57639","0.12967","0.38709","0.55119","0.48031"
491,69,1,"Cameroon",0.535665831614653,"0.51347","0.71043","0.24417","0.48269","0.68623","0.57678"
492,69,1,"Cameroon",0.370289069504895,"0.35197","0.47721","0.18867","0.19205","0.4838","0.52797"
493,69,1,"Cameroon",0.432255990885393,"0.4921","0.55875","0.22028","0.1893","0.66216","0.4708"
494,69,1,"Cameroon",0.733709900582196,"0.88649","1.05018","0.40469","0.32594","0.823","0.91196"
495,69,1,"Cameroon",0.354405043151984,"0.26688","0.48911","0.20043","0.25909","0.49255","0.41857"
