"month_id","country_id","in_africa","country_name","True.pred.1","RF.GED.global","XGB.GED.global","RF.United.global","XGB.United.global","RF.GED.africa","XGB.GED.africa"
490,222,1,"Egypt",0.22133602581528,"0.12583","0.11287","0.4844","0.4111","0.08997","0.10382"
491,222,1,"Egypt",0.212737120843633,"0.0702","0.36928","0.49922","0.08275","0.04223","0.21275"
492,222,1,"Egypt",0.562319457069483,"0.45778","0.2923","0.80287","0.98916","0.44853","0.38326"
493,222,1,"Egypt",0.676995170440345,"0.29298","0.24808","0.97486","1.33835","0.57684","0.63082"
494,222,1,"Egypt",0.441720774271915,"0.20576","0.29711","0.76025","0.81479","0.21704","0.35536"
495,222,1,"Egypt",0.57025658719355,"0.30818","0.0097","1.01044","1.20989","0.50264","0.38069"
