"month_id","country_id","in_africa","country_name","True.pred.1","RF.GED.global","XGB.GED.global","RF.United.global","XGB.United.global","RF.GED.africa","XGB.GED.africa"
490,162,1,"Mozambique",-1.25421100300262,"-1.41879","-0.89556","-1.21903","-1.49483","-1.40264","-1.09476"
491,162,1,"Mozambique",-1.34584942859582,"-1.60416","-0.90781","-1.60758","-1.36508","-1.40023","-1.19021"
492,162,1,"Mozambique",-1.53969166795659,"-1.49389","-1.22119","-2.1428","-1.47653","-1.5403","-1.36327"
493,162,1,"Mozambique",-1.46958710211469,"-1.46922","-1.61434","-1.85085","-1.06905","-1.47795","-1.33617"
494,162,1,"Mozambique",-1.63656885254746,"-1.63155","-1.0708","-2.42117","-1.59166","-1.59094","-1.51341"
495,162,1,"Mozambique",-1.46025327062638,"-1.43419","-0.92072","-2.33596","-1.16113","-1.73839","-1.17115"
